[{"id":"user-file-43422354_723451898041408_1079256604957736960_n.jpg","fileName":"43422354_723451898041408_1079256604957736960_n.jpg","name":"43422354_723451898041408_1079256604957736960_n","publicUrl":"np://user.desktop.nicepage.com/Site_882827424/files/43422354_723451898041408_1079256604957736960_n.jpg","size":11506},{"id":"user-file-Untitledvideo-MadewithClipchamp.mp4","fileName":"Untitledvideo-MadewithClipchamp.mp4","name":"Untitledvideo-MadewithClipchamp","publicUrl":"npv://user.desktop.nicepage.com/Site_882827424/files/Untitledvideo-MadewithClipchamp.mp4","size":8725284}]