[{"id":"user-image-hty.jpg","publicUrl":"np://user.desktop.nicepage.com/Site_882827424/images/hty.jpg","size":104360,"fileName":"hty.jpg","name":"hty","width":1200,"height":889,"thumbnail":{"url":"np://user.desktop.nicepage.com/Site_882827424/images/thumbnails/hty.jpg","width":250,"height":185},"originalUrl":"//images03.nicepage.com/c461c07a441a5d220e8feb1a/90ca6fe5da9c56adb4552b5b/hty.jpg","usages":["368509146"]},{"id":"user-image-3rd.jpg","publicUrl":"np://user.desktop.nicepage.com/Site_882827424/images/3rd.jpg","size":104233,"fileName":"3rd.jpg","name":"3rd","width":1080,"height":626,"thumbnail":{"url":"np://user.desktop.nicepage.com/Site_882827424/images/thumbnails/3rd.jpg","width":250,"height":145},"usages":["18587498"]},{"id":"user-image-Tdr.png","publicUrl":"np://user.desktop.nicepage.com/Site_882827424/images/Tdr.png","size":48129,"fileName":"Tdr.png","name":"Tdr","width":272,"height":151,"thumbnail":{"url":"np://user.desktop.nicepage.com/Site_882827424/images/thumbnails/Tdr.png","width":250,"height":139},"usages":[]},{"id":"user-image-WhatsAppImage2023-03-06at21.49.231.jpg","publicUrl":"np://user.desktop.nicepage.com/Site_882827424/images/WhatsAppImage2023-03-06at21.49.231.jpg","size":738399,"fileName":"WhatsAppImage2023-03-06at21.49.231.jpg","name":"WhatsAppImage2023-03-06at21.49.231","width":1336,"height":1200,"thumbnail":{"url":"np://user.desktop.nicepage.com/Site_882827424/images/thumbnails/WhatsAppImage2023-03-06at21.49.231.jpg","width":250,"height":225},"usages":["368509146"]},{"id":"user-image-assortment-different-medals.jpg","publicUrl":"np://user.desktop.nicepage.com/Site_882827424/images/assortment-different-medals.jpg","size":349736,"fileName":"assortment-different-medals.jpg","name":"assortment-different-medals","width":1920,"height":1280,"thumbnail":{"url":"np://user.desktop.nicepage.com/Site_882827424/images/thumbnails/assortment-different-medals.jpg","width":250,"height":167},"usages":["18587498"]},{"id":"user-image-1st.png","publicUrl":"np://user.desktop.nicepage.com/Site_882827424/images/1st.png","size":3078128,"fileName":"1st.png","name":"1st","width":1080,"height":1080,"thumbnail":{"url":"np://user.desktop.nicepage.com/Site_882827424/images/thumbnails/1st.png","width":250,"height":250},"usages":["368509146"]},{"id":"user-image-istockphoto-1343105511-612x612.jpg","publicUrl":"np://user.desktop.nicepage.com/Site_882827424/images/istockphoto-1343105511-612x612.jpg","size":21104,"fileName":"istockphoto-1343105511-612x612.jpg","name":"istockphoto-1343105511-612x612","width":612,"height":344,"thumbnail":{"url":"np://user.desktop.nicepage.com/Site_882827424/images/thumbnails/istockphoto-1343105511-612x612.jpg","width":250,"height":141},"usages":["18587498"]},{"id":"user-image-new-removebg-preview.png","publicUrl":"np://user.desktop.nicepage.com/Site_882827424/images/new-removebg-preview.png","size":248765,"fileName":"new-removebg-preview.png","name":"new-removebg-preview","width":577,"height":433,"thumbnail":{"url":"np://user.desktop.nicepage.com/Site_882827424/images/thumbnails/new-removebg-preview.png","width":250,"height":188},"usages":["368509146"]},{"id":"user-image-pexels-photo-2250276.jpeg","publicUrl":"np://user.desktop.nicepage.com/Site_882827424/images/pexels-photo-2250276.jpeg","size":58974,"fileName":"pexels-photo-2250276.jpeg","name":"pexels-photo-2250276","width":1106,"height":1500,"thumbnail":{"url":"np://user.desktop.nicepage.com/Site_882827424/images/thumbnails/pexels-photo-2250276.jpeg","width":184,"height":250},"originalUrl":"//images02.nicepage.com/a1389d7bc73adea1e1c1fb7e/33f9c70f33b75988975bd301/pexels-photo-2250276.jpeg?version=","usages":[]},{"id":"user-image-team.jpg","publicUrl":"np://user.desktop.nicepage.com/Site_882827424/images/team.jpg","size":143574,"fileName":"team.jpg","name":"team","width":755,"height":506,"thumbnail":{"url":"np://user.desktop.nicepage.com/Site_882827424/images/thumbnails/team.jpg","width":250,"height":168},"usages":["18587498"]},{"id":"user-image-teamcap.png","publicUrl":"np://user.desktop.nicepage.com/Site_882827424/images/teamcap.png","size":208769,"fileName":"teamcap.png","name":"teamcap","width":306,"height":261,"thumbnail":{"url":"np://user.desktop.nicepage.com/Site_882827424/images/thumbnails/teamcap.png","width":250,"height":213},"usages":["368509146"]},{"id":"user-image-teamvc.jpg","publicUrl":"np://user.desktop.nicepage.com/Site_882827424/images/teamvc.jpg","size":171635,"fileName":"teamvc.jpg","name":"teamvc","width":1080,"height":1350,"thumbnail":{"url":"np://user.desktop.nicepage.com/Site_882827424/images/thumbnails/teamvc.jpg","width":200,"height":250},"usages":["368509146"]},{"id":"user-image-Vansh.png","publicUrl":"np://user.desktop.nicepage.com/Site_882827424/images/Vansh.png","size":883265,"hash":"ihHMVsFBI9iQ8FcwkgPwpzFMZQk=","fileName":"Vansh.png","name":"Vansh","width":620,"height":783,"thumbnail":{"url":"np://user.desktop.nicepage.com/Site_882827424/images/thumbnails/Vansh.png","width":198,"height":250},"usages":["368509146"]},{"id":"user-image-172176025_4005583866189077_886385112537824607_n.jpg","publicUrl":"np://user.desktop.nicepage.com/Site_882827424/images/172176025_4005583866189077_886385112537824607_n.jpg","size":13241,"hash":"KjQBtH2HOiv6ns1fYucsKzkVROQ=","fileName":"172176025_4005583866189077_886385112537824607_n.jpg","name":"172176025_4005583866189077_886385112537824607_n","width":320,"height":320,"thumbnail":{"url":"np://user.desktop.nicepage.com/Site_882827424/images/thumbnails/172176025_4005583866189077_886385112537824607_n.jpg","width":250,"height":250},"usages":["368509146"]},{"id":"user-image-nipun.png","publicUrl":"np://user.desktop.nicepage.com/Site_882827424/images/nipun.png","size":732717,"hash":"5We8zFmNW9W5pNARzE0cf2B1Cb4=","fileName":"nipun.png","name":"nipun","width":568,"height":693,"thumbnail":{"url":"np://user.desktop.nicepage.com/Site_882827424/images/thumbnails/nipun.png","width":205,"height":250},"usages":["368509146"]},{"id":"user-image-Arjun.png","publicUrl":"np://user.desktop.nicepage.com/Site_882827424/images/Arjun.png","size":801864,"hash":"F1CMaxtM2gfCe8GBL4o2E09JjE0=","fileName":"Arjun.png","name":"Arjun","width":547,"height":690,"thumbnail":{"url":"np://user.desktop.nicepage.com/Site_882827424/images/thumbnails/Arjun.png","width":198,"height":250},"usages":["368509146"]},{"id":"user-image-278858371_355967599903556_7584421113973467935_n.jpg","publicUrl":"np://user.desktop.nicepage.com/Site_882827424/images/278858371_355967599903556_7584421113973467935_n.jpg","size":33986,"hash":"CH8zX7473MvSnYqjxXtoeT5pvRw=","fileName":"278858371_355967599903556_7584421113973467935_n.jpg","name":"278858371_355967599903556_7584421113973467935_n","width":320,"height":320,"thumbnail":{"url":"np://user.desktop.nicepage.com/Site_882827424/images/thumbnails/278858371_355967599903556_7584421113973467935_n.jpg","width":250,"height":250},"usages":["368509146"]},{"id":"user-image-1648903435512.jpeg","publicUrl":"np://user.desktop.nicepage.com/Site_882827424/images/1648903435512.jpeg","size":11745,"hash":"nE1XToCPQ19eKzcLXUrekIXM0G0=","fileName":"1648903435512.jpeg","name":"1648903435512","width":198,"height":198,"thumbnail":{"url":"np://user.desktop.nicepage.com/Site_882827424/images/thumbnails/1648903435512.jpeg","height":198,"width":198,"length":11745,"type":"jpg"},"usages":["368509146"]},{"id":"user-image-4.jpg","publicUrl":"np://user.desktop.nicepage.com/Site_882827424/images/4.jpg","size":69069,"hash":"USGVWTeRshV4l76MxGxv0CCqZwU=","fileName":"4.jpg","name":"4","width":800,"height":531,"thumbnail":{"url":"np://user.desktop.nicepage.com/Site_882827424/images/thumbnails/4.jpg","width":250,"height":166},"usages":["368509146"]},{"id":"user-image-9427727.png","publicUrl":"np://user.desktop.nicepage.com/Site_882827424/images/9427727.png","size":3501,"hash":"5O+Sj045vO24rTna2/FQVUdGyzI=","fileName":"9427727.png","name":"9427727","width":128,"height":128,"thumbnail":{"url":"np://user.desktop.nicepage.com/Site_882827424/images/thumbnails/9427727.png","width":128,"height":128,"length":3501,"type":"png"},"usages":[]},{"id":"user-image-4138124.png","publicUrl":"np://user.desktop.nicepage.com/Site_882827424/images/4138124.png","size":6981,"hash":"dtRdmYc9v4eRB47/xd6Ygar0qAU=","fileName":"4138124.png","name":"4138124","width":128,"height":128,"thumbnail":{"url":"np://user.desktop.nicepage.com/Site_882827424/images/thumbnails/4138124.png","width":128,"height":128,"length":6981,"type":"png"},"usages":["368509146"]},{"id":"user-image-145807.png","publicUrl":"np://user.desktop.nicepage.com/Site_882827424/images/145807.png","size":1943,"hash":"SDDQHk031JC2UVvRlwpbavL3hnQ=","fileName":"145807.png","name":"145807","width":128,"height":128,"thumbnail":{"url":"np://user.desktop.nicepage.com/Site_882827424/images/thumbnails/145807.png","width":128,"height":128,"length":1943,"type":"png"},"usages":["368509146"]}]